Graadt van Roggenweg;24 Oktoberplein;5 Meiplein;Vasco da Gamalaan;Kanaleneiland-Zuid;P+R Westraven;Zuilenstein;Batau Noord;Wijkersloot;Stadscentrum;Merwestein;Fokkesteeg;Wiersdijk;Nieuwegein Zuid
61;107;43;100;76;99;149;110;88;80;68;66;51;91
73;120;50;86;76;80;154;97;55;103;83;65;62;82
55;131;47;106;71;79;150;88;55;100;67;75;60;76
63;127;51;87;80;77;143;91;57;95;75;71;60;80
79;132;55;88;81;83;140;88;52;93;72;68;60;79
74;129;48;91;80;81;149;91;55;98;79;82;66;83
67;128;51;86;84;88;155;98;59;106;77;84;72;73
70;115;49;84;78;83;143;88;55;96;73;76;62;82
68;204;48;85;78;75;139;90;57;111;79;72;59;72
89;135;53;92;105;84;157;110;61;107;84;75;64;90
50;120;41;76;100;78;141;119;51;100;73;73;59;75
60;138;49;81;74;80;144;96;61;97;65;73;63;94
59;125;48;84;72;82;133;92;65;81;67;70;65;80
70;127;49;87;81;77;137;99;54;104;71;72;62;73
61;147;48;87;75;80;146;92;52;99;66;70;59;80
73;135;52;88;81;88;154;105;58;104;84;75;67;88
70;129;55;99;89;89;137;88;58;87;164;60;63;142
102;113;44;88;78;81;148;93;60;97;79;77;66;146
129;116;50;82;76;77;137;95;52;112;139;76;58;136
53;119;46;88;77;78;145;94;53;94;68;73;62;74
61;126;42;79;78;70;143;90;58;219;66;79;72;172
87;100;52;84;79;79;84;93;70;98;71;73;62;78
57;119;50;82;75;81;150;92;53;97;80;77;66;144
71;131;49;91;77;78;140;91;57;208;72;72;60;68
72;133;52;96;89;89;170;108;58;229;84;77;66;150
85;151;49;91;85;86;158;93;55;103;73;77;72;144
58;121;48;86;75;80;140;88;55;91;72;70;59;134
81;113;47;84;72;78;109;93;59;93;76;75;62;142
70;143;50;82;78;79;139;92;55;218;65;69;61;131
54;119;53;82;81;78;146;94;55;88;82;77;62;87
76;119;45;79;74;89;136;31;44;94;73;75;67;141
77;114;49;77;77;77;149;35;58;107;81;73;62;143
78;137;52;93;85;87;186;39;56;105;75;85;67;82
123;124;44;75;76;79;142;26;55;221;79;72;64;140
56;119;47;83;90;78;141;30;55;216;73;73;61;81
59;122;48;80;79;84;76;30;52;208;67;69;59;75
55;118;51;83;79;84;137;90;54;212;74;74;68;145
54;108;43;80;72;78;133;28;57;90;80;66;60;140
64;114;53;90;77;82;86;100;56;101;65;73;64;137
64;128;49;86;75;190;149;97;56;96;66;73;61;85
81;176;44;79;75;78;138;80;55;80;81;77;67;78
53;118;47;89;82;87;137;88;58;102;73;74;60;145
62;128;46;85;85;85;179;155;55;100;81;84;72;151
74;128;49;90;76;89;147;33;56;99;70;70;59;129
73;127;49;91;86;89;154;102;59;224;71;73;67;17
58;119;46;85;86;91;142;88;54;117;75;74;61;80
63;124;48;83;82;83;147;97;58;99;71;68;61;26
65;121;47;81;74;91;131;85;52;96;65;75;62;21
74;127;47;86;78;92;144;37;57;223;70;78;63;26
58;129;49;92;81;83;92;137;55;112;76;75;66;83
73;121;46;85;77;80;148;95;55;93;76;70;61;86
67;116;51;84;83;89;150;36;59;106;77;75;69;76
82;126;54;93;81;89;162;46;62;239;80;87;65;75
79;123;54;84;85;86;91;96;59;102;77;74;66;17
94;137;55;92;95;90;103;103;60;111;80;79;69;87
110;114;49;81;73;90;133;89;53;90;70;72;63;72
96;124;56;89;89;91;90;98;60;107;94;77;57;77
93;105;50;89;80;90;91;81;47;102;77;85;66;81
81;123;53;88;80;75;238;97;59;101;71;76;65;23
69;115;46;86;80;82;144;92;56;97;72;73;63;133
56;148;40;88;82;82;142;96;43;229;72;75;64;131
66;137;51;90;93;87;146;89;55;94;75;74;64;83
65;123;46;94;77;83;98;40;57;93;76;81;68;70
73;128;50;86;78;83;151;94;56;96;67;71;61;81
60;136;49;85;95;86;151;37;57;97;77;73;64;80
62;134;52;96;77;84;136;32;58;100;71;69;62;124
62;139;51;86;74;84;81;48;56;96;79;74;65;134
61;121;49;85;78;78;142;31;56;114;79;71;61;74
61;120;49;96;78;80;142;95;60;217;66;69;68;134
58;134;50;89;76;80;144;31;53;95;70;71;61;71
63;127;51;89;97;89;88;30;59;219;72;76;65;146
58;132;51;83;76;81;154;96;57;95;71;72;61;137
67;109;49;82;77;169;76;90;44;213;71;69;62;72
75;132;46;88;81;80;146;33;57;112;72;78;62;149
58;130;49;97;74;86;141;94;56;216;66;74;68;129
41;116;45;78;69;79;130;84;52;85;69;67;59;138
75;126;47;81;73;83;150;91;61;218;73;64;69;138
66;118;48;85;78;84;155;43;54;97;90;67;62;142
70;117;47;86;82;81;148;89;56;98;68;76;66;81
67;121;49;83;81;84;146;92;53;98;66;72;62;142
56;113;44;80;73;81;134;23;53;92;71;71;59;71
119;115;44;79;72;79;76;94;53;94;93;77;65;149
67;115;49;101;84;82;144;96;58;98;76;81;68;142
54;130;48;81;75;79;139;95;58;92;68;73;62;75
72;135;55;87;79;80;153;97;58;229;77;72;62;85
61;124;48;84;80;93;142;26;58;96;71;78;62;76
65;132;50;82;76;80;81;36;60;94;75;73;60;136
71;116;49;80;78;79;79;90;55;229;79;81;68;145
77;118;46;90;73;80;80;85;52;107;67;69;61;138
67;147;46;79;74;80;138;33;55;97;91;73;70;151
79;117;50;81;77;78;152;38;58;228;74;73;66;140
55;113;46;83;71;79;133;30;53;211;68;68;62;76
65;126;46;85;78;180;155;92;55;220;70;72;61;132
60;123;47;85;79;77;143;89;57;95;72;70;61;140
60;127;49;90;81;79;148;37;57;217;77;78;61;135
69;124;47;82;80;83;147;89;56;217;80;77;68;144
60;117;48;84;74;77;146;92;53;214;73;67;61;138
60;131;54;95;86;91;164;99;54;97;71;70;61;143
68;129;51;84;74;79;143;97;55;116;76;72;63;81
82;116;51;79;76;78;144;93;53;94;70;68;61;131
64;121;48;80;86;79;148;90;55;226;70;74;60;143
62;122;52;92;86;95;142;50;58;100;73;84;64;141
59;122;48;94;115;78;140;98;53;91;67;67;59;77
67;143;57;104;86;87;92;99;56;96;70;71;68;22
60;121;51;85;78;164;150;96;55;212;69;74;63;83
66;163;49;84;79;84;151;92;59;221;73;69;62;78
69;125;50;87;89;85;144;101;57;218;77;75;64;33
80;112;47;86;77;83;146;97;56;214;64;74;66;27
71;127;55;172;74;84;86;95;56;95;68;74;62;24
60;134;51;103;92;89;84;100;54;215;79;79;66;91
96;121;53;86;81;85;99;94;62;108;82;83;72;23
85;140;55;88;96;93;149;48;56;218;76;70;63;19
107;111;51;84;82;84;154;96;58;221;91;64;65;26
224;140;54;95;82;87;95;47;55;104;74;80;63;79
82;118;51;89;79;89;152;97;58;101;80;78;66;83
87;131;55;87;85;86;96;90;63;222;81;79;67;83
244;128;50;87;84;99;129;99;54;92;67;70;63;81
104;118;70;85;84;82;141;93;44;96;75;73;50;70
88;130;56;95;89;94;154;99;59;224;76;81;71;79
62;138;50;90;78;84;84;96;55;106;75;71;66;139
71;132;50;85;86;81;99;91;58;113;77;73;60;143
65;132;50;91;80;82;150;91;55;218;76;74;61;77
68;115;52;102;79;82;82;29;54;89;66;69;63;137
62;126;51;89;79;106;146;96;63;218;72;73;53;88
75;129;47;89;79;201;77;93;54;108;68;75;65;138
66;118;49;85;75;78;81;32;57;95;78;74;69;73
66;122;49;86;79;79;147;87;57;93;132;74;60;141
68;135;50;92;83;83;146;95;58;106;75;83;67;90
60;117;47;90;75;77;144;35;58;93;70;72;62;77
71;133;49;87;77;84;156;92;59;226;74;74;63;141
59;121;50;86;72;84;151;94;54;103;76;72;71;136
61;130;50;82;75;76;134;91;59;222;75;77;67;146
76;131;49;91;78;82;148;91;56;102;92;61;69;80
64;146;49;93;86;84;95;97;60;223;77;77;68;150
57;116;48;83;97;80;81;92;57;103;73;73;64;146
55;117;47;97;74;83;74;89;45;223;71;74;64;79
60;130;52;87;74;79;138;89;57;99;83;73;63;152
64;133;50;88;86;86;89;35;57;235;86;69;65;147
64;138;55;98;85;87;148;99;62;227;74;76;65;91
92;129;55;94;84;89;157;106;57;105;82;77;64;141
54;125;50;85;76;81;164;93;62;88;62;68;61;143
63;123;49;92;80;80;142;99;58;100;72;91;66;150
56;126;55;90;76;83;138;88;53;244;66;75;62;146
57;122;55;82;78;87;133;30;68;80;81;74;63;84
58;127;54;87;79;84;184;91;56;212;70;75;63;73
55;122;49;92;81;77;139;91;57;88;74;72;59;136
74;140;59;94;82;85;159;104;58;224;68;73;66;78
56;121;45;80;71;81;133;29;52;97;81;79;64;78
76;128;48;81;74;81;156;95;59;97;75;74;67;84
70;129;51;89;82;79;161;103;58;291;66;74;59;260
77;122;52;90;78;83;139;95;55;96;76;76;63;136
72;140;51;93;85;88;160;47;60;103;77;78;66;152
57;128;46;84;72;84;91;86;54;144;80;72;60;124
84;119;50;82;75;77;137;28;55;96;74;78;69;141
54;114;45;95;73;79;136;27;56;92;69;72;127;133
72;131;52;96;78;82;142;95;55;94;64;75;60;77
66;123;48;79;75;85;141;30;53;91;67;76;66;141
75;124;48;77;75;79;148;94;56;95;73;77;64;135
55;124;49;81;74;84;75;91;58;104;79;76;62;143
71;137;49;91;82;84;151;100;60;224;81;77;66;96
59;125;51;82;76;76;75;94;55;210;69;72;63;139
72;120;48;85;75;82;144;99;55;96;69;71;62;80
50;132;39;70;82;76;136;34;49;97;78;68;50;70
105;131;51;84;76;77;156;89;58;109;77;74;62;68
55;107;41;90;72;75;85;30;59;233;74;65;63;80
367;112;55;85;72;79;141;89;54;86;66;75;65;78
81;125;49;91;79;84;150;37;57;100;77;76;63;95
76;122;49;87;75;86;142;34;56;217;77;56;58;13
136;123;51;97;85;87;166;33;66;111;79;80;71;27
92;117;49;88;79;85;141;37;59;113;68;75;64;88
83;132;50;88;79;84;158;95;54;212;72;72;65;89
91;129;55;97;81;90;156;104;63;112;84;86;72;110
57;121;41;74;77;68;127;90;54;89;65;65;57;17
90;118;50;86;82;85;96;92;62;105;77;76;65;84
82;121;50;86;81;85;146;98;59;109;71;76;65;84
97;116;50;88;84;89;149;93;57;247;70;78;63;75
88;124;49;89;83;93;95;93;56;98;71;79;66;144
71;123;51;93;65;84;91;93;58;216;71;72;63;127
61;118;47;84;79;79;82;32;57;109;74;71;66;141
61;118;45;84;78;78;136;89;41;216;77;71;59;139
59;126;54;86;81;80;150;34;56;101;71;75;66;142
63;123;53;88;78;83;153;40;79;90;86;78;70;156
62;115;49;84;74;76;141;30;54;211;69;74;49;139
68;126;47;86;78;78;145;91;56;98;67;71;62;141
88;139;51;90;78;83;165;92;56;99;88;81;65;88
69;123;50;88;82;81;149;95;61;216;81;72;64;81
55;112;44;78;73;73;97;89;56;93;66;68;62;139
58;135;45;82;68;74;130;91;56;93;82;60;60;92
61;122;52;85;79;82;143;98;54;94;61;83;59;140
64;134;49;83;77;266;68;90;54;94;69;60;61;144
92;144;57;94;80;82;169;92;53;94;85;74;62;158
83;120;51;94;109;93;91;41;61;100;78;75;70;78
69;131;51;90;78;85;152;97;56;111;76;75;64;86
65;123;48;103;95;80;80;96;56;93;74;73;69;84
63;135;46;87;80;82;82;42;54;93;70;73;62;143
28;122;48;97;99;81;76;90;53;93;76;81;66;162
70;119;50;83;76;81;138;97;55;101;69;64;58;129
78;132;54;85;81;82;161;92;54;96;84;81;60;143
75;126;53;89;82;86;148;37;55;111;81;69;66;86
71;126;54;83;80;84;153;93;53;92;75;69;61;108
54;123;67;72;95;106;78;83;76;81;56;65;55;133
83;132;51;84;76;80;136;89;53;98;71;75;63;142
76;153;47;78;72;76;145;94;58;96;82;69;60;86
66;170;52;89;84;94;154;36;59;107;80;75;63;87
52;113;43;78;78;258;64;87;56;90;86;78;62;146
70;122;50;83;73;78;80;27;53;212;76;68;62;79
57;134;45;84;75;78;134;29;53;90;151;68;60;74
64;126;50;82;76;91;81;95;60;219;84;75;62;148
53;114;47;91;77;74;150;88;55;94;63;76;60;73
48;121;43;76;71;108;256;75;69;106;62;67;60;68
58;120;50;85;80;82;134;96;59;99;81;80;66;141
58;112;51;74;79;79;163;48;55;97;78;75;65;146
73;124;48;86;80;81;142;100;55;99;76;74;62;141
60;124;49;88;80;78;144;32;69;108;86;78;65;137
69;120;49;86;77;81;218;31;56;93;68;71;64;137
66;120;48;88;80;78;136;94;60;93;80;76;65;85
64;109;44;75;77;73;69;64;52;101;69;64;59;69
78;120;48;88;76;102;78;89;56;223;79;74;64;26
47;117;56;64;75;87;131;81;58;99;54;69;54;31
100;120;54;91;76;81;147;95;59;119;75;85;69;89
85;116;54;94;81;84;154;44;67;231;75;83;65;84
80;128;11;65;90;90;83;34;58;210;70;75;82;78
71;119;62;79;77;117;136;26;83;212;74;76;61;22
79;124;54;85;81;91;88;97;78;88;80;79;69;20
94;143;48;78;84;82;138;34;57;93;73;75;61;10
80;131;51;82;88;77;161;93;61;101;80;76;69;14
81;124;51;86;80;75;146;33;60;219;77;76;64;89
76;125;59;96;83;92;149;35;56;103;74;79;67;86
77;127;53;85;81;77;153;104;61;103;79;80;70;84
99;133;53;92;88;91;159;96;58;105;75;81;73;136
77;114;45;87;78;90;77;90;59;94;69;78;61;143
71;137;49;86;89;97;151;41;57;95;76;72;65;86
95;112;50;89;80;90;86;97;58;100;81;81;68;154
76;119;50;82;77;85;89;97;58;98;68;77;68;129
56;127;48;92;88;79;150;94;72;83;70;93;65;78
58;121;50;85;82;84;165;95;65;89;73;75;66;156
67;118;48;85;82;74;147;27;55;96;76;75;69;76
66;179;49;92;79;79;198;35;56;95;81;80;68;152
60;122;51;81;72;80;138;90;56;97;71;71;67;68
79;122;45;87;75;84;137;88;63;101;68;84;81;142
64;133;48;98;84;84;77;33;56;99;80;73;62;70
82;127;49;91;86;81;150;96;57;101;73;81;67;145
84;125;49;88;77;87;150;96;57;101;81;80;63;84
63;128;51;93;84;88;150;41;55;101;66;76;65;76
61;117;46;85;72;82;140;92;56;105;74;80;60;142
92;104;48;85;78;78;149;101;57;232;74;73;68;76
50;116;45;81;73;78;142;91;64;97;69;75;62;154
72;114;50;85;77;88;85;38;55;99;84;90;71;136
69;123;48;99;84;86;160;94;55;105;71;71;64;145
58;117;50;87;81;82;145;91;58;100;71;79;63;146
75;129;46;89;81;83;150;91;55;98;70;77;63;145
69;135;47;88;81;83;86;94;59;228;72;77;63;80
90;160;54;97;83;90;158;97;59;102;76;78;65;85
68;121;49;86;109;84;143;113;53;222;64;75;61;139
56;129;47;92;80;83;93;93;55;99;79;74;64;145
71;120;49;85;80;83;145;39;58;217;82;74;64;139
74;125;46;91;84;84;137;34;55;91;67;75;63;89
85;136;54;90;83;88;148;37;58;225;114;78;67;161
73;127;51;85;78;87;150;45;56;96;72;70;61;142
113;119;49;99;88;85;149;92;58;216;72;77;60;141
75;129;48;84;78;82;148;98;54;215;71;73;61;146
63;135;51;94;82;84;153;93;58;103;77;79;70;93
52;148;45;78;75;79;73;93;53;214;70;74;62;77
72;122;48;85;81;82;141;96;55;100;81;76;66;157
66;126;50;104;81;84;151;103;61;104;76;81;69;145
58;132;49;95;78;78;149;100;56;98;79;73;62;143
66;128;49;86;77;78;148;95;58;96;71;76;65;81
73;136;53;85;82;78;156;93;57;103;80;79;65;147
55;123;52;84;76;84;95;92;54;88;81;73;62;139
56;125;48;85;75;75;84;87;53;94;80;76;65;90
81;125;51;89;79;85;143;96;56;98;79;69;59;140
60;128;49;85;79;85;149;91;56;96;68;76;68;142
66;115;47;97;76;76;90;30;60;94;70;70;62;141
172;131;52;90;86;85;145;98;60;103;78;78;69;80
58;116;45;83;74;81;93;92;55;94;76;70;60;23
80;118;47;83;76;82;141;95;56;102;73;72;64;24
65;117;47;82;78;76;92;93;58;96;74;74;62;23
75;123;49;87;83;80;149;32;55;90;69;79;63;84
73;129;50;89;83;82;142;96;56;96;71;74;65;82
104;157;54;109;82;87;95;48;61;114;80;77;61;83
79;134;51;83;80;90;146;96;58;219;87;61;66;88
88;135;51;90;82;87;136;38;59;101;72;82;62;26
87;114;53;86;79;74;141;35;55;93;72;75;69;80
75;132;53;92;82;84;152;38;62;133;84;64;66;79
68;119;51;90;83;84;97;37;57;98;83;80;68;83
87;123;51;83;84;153;73;35;58;111;84;67;51;20
78;115;49;84;76;87;148;29;57;96;73;73;60;14
78;110;50;84;89;85;145;98;59;94;69;76;64;82
64;131;51;97;88;93;158;36;57;221;70;75;68;141
60;128;45;84;72;77;89;88;52;111;65;78;69;81
65;121;51;92;79;85;161;93;58;113;82;76;64;93
80;124;56;89;81;84;124;112;56;219;72;72;64;159
57;117;48;85;76;79;138;91;53;103;69;69;59;155
75;136;55;104;89;86;163;105;56;98;82;85;64;97
73;133;46;80;87;86;153;98;61;101;78;77;66;101
70;119;47;83;84;96;86;92;54;219;71;73;66;129
61;135;49;85;81;76;140;89;57;107;71;75;62;139
78;138;48;89;81;80;105;96;54;100;81;70;63;151
51;111;45;82;76;78;138;31;53;92;64;71;62;129
52;131;48;79;74;84;153;31;59;225;79;82;65;135
73;124;50;86;79;86;96;40;68;86;73;77;69;72
72;117;48;85;76;79;140;30;57;132;72;74;63;143
78;118;52;91;82;85;144;87;57;112;81;73;65;135
65;137;48;95;79;86;146;41;54;115;84;71;59;148
58;125;50;85;81;87;140;41;76;85;66;73;61;84
75;138;52;91;82;87;152;103;61;101;75;75;64;90
65;122;50;90;79;76;155;35;58;105;78;78;68;63
79;112;48;82;75;79;147;92;57;98;74;78;65;147
59;123;49;86;73;77;135;32;55;99;77;74;62;77
59;132;47;88;80;83;157;92;56;93;72;69;61;141
69;133;51;90;82;83;145;38;54;212;82;76;64;79
74;121;49;91;81;81;153;96;63;103;71;83;62;90
72;136;48;88;77;83;91;36;55;96;72;73;67;151
72;129;54;90;86;84;159;106;59;105;83;79;65;148
56;118;48;81;86;83;75;32;57;94;73;75;64;135
53;110;44;82;81;74;149;91;60;96;78;72;62;87
75;119;49;85;76;79;142;29;55;225;69;78;62;154
56;137;47;83;79;90;164;122;53;104;72;72;61;74
53;122;45;86;72;76;138;118;57;109;77;74;61;139
74;124;48;77;81;83;88;37;58;97;76;76;65;86
66;132;51;89;79;79;151;99;57;225;85;83;68;84
69;121;48;85;77;80;150;94;56;121;81;73;61;81
58;129;48;85;78;81;145;98;53;93;69;72;60;146
70;124;52;91;82;79;148;96;58;93;75;76;66;83
55;125;47;85;77;83;74;94;55;102;76;83;66;140
57;125;48;82;71;75;133;90;53;209;64;69;61;134
61;128;52;93;85;87;89;97;59;103;76;75;67;150
55;116;47;84;80;82;153;97;56;97;73;74;65;87
71;120;47;76;75;78;141;35;53;96;76;78;65;146
46;116;46;82;66;64;71;32;53;94;66;73;59;150
72;127;49;86;80;83;159;98;59;228;80;87;72;146
62;122;50;80;76;83;86;86;57;111;77;69;60;80
58;125;50;93;80;84;150;97;60;227;75;74;65;87
93;118;47;92;81;81;151;103;56;96;71;71;64;23
72;137;52;87;77;77;146;32;54;98;81;71;60;86
53;127;68;81;76;84;140;32;56;90;75;72;61;83
77;125;47;83;78;86;150;94;55;214;71;75;65;24
68;139;46;82;76;71;82;93;54;96;71;75;64;77
110;118;49;88;85;81;80;31;56;93;74;72;61;77
60;132;53;94;85;89;96;97;58;228;81;77;60;28
74;128;53;92;88;90;100;98;57;106;72;74;65;74
85;138;60;90;100;82;159;97;64;115;78;79;70;92
93;122;48;83;75;79;147;93;55;103;72;72;65;73
115;117;48;89;93;86;140;98;62;96;81;79;62;16
78;118;51;84;76;80;147;33;59;103;75;81;64;95
85;136;53;89;78;87;86;35;61;219;70;72;68;79
102;117;57;90;90;91;154;94;61;107;77;79;69;86
83;125;47;82;78;76;200;98;43;91;70;76;65;64
62;135;52;90;88;86;83;33;57;218;72;78;56;70
67;133;51;90;82;87;150;43;61;100;71;73;67;89
66;125;49;82;79;77;85;108;57;101;69;79;73;149
64;131;49;87;81;84;143;93;58;108;88;79;71;158
70;129;50;88;79;90;86;33;59;104;72;82;66;156
60;118;52;100;79;86;96;93;57;109;82;71;61;85
60;122;50;85;89;78;134;30;53;222;60;65;61;104
69;120;51;90;78;78;147;93;55;108;70;76;65;145
75;132;47;88;79;79;142;93;57;107;72;76;65;141
82;130;57;94;83;83;129;35;56;88;81;70;65;127
64;113;47;81;77;80;142;88;58;114;72;80;66;140
66;115;48;91;78;76;74;97;56;95;71;80;65;144
66;126;53;100;89;89;156;101;61;97;76;85;66;145
87;123;50;92;79;90;151;108;59;100;84;76;68;68
73;120;46;85;79;82;85;27;57;104;80;74;62;85
62;120;51;79;123;76;149;32;57;108;67;81;57;124
54;119;44;80;72;79;90;44;55;98;68;71;64;150
61;121;50;97;79;85;149;42;57;109;72;71;88;147
70;118;48;82;78;82;141;28;54;106;69;71;60;140
90;108;44;82;72;77;150;93;61;89;68;70;63;78
69;126;52;89;83;90;150;38;57;104;78;80;63;95
55;128;48;84;81;85;81;94;58;97;89;61;61;78
62;137;46;91;82;85;150;36;59;100;73;76;65;89
82;137;50;100;80;86;154;99;57;100;73;78;69;87
60;119;51;90;77;77;142;97;56;101;70;79;67;86
149;113;44;86;77;78;135;92;52;90;69;68;57;134
63;131;47;95;82;78;159;96;54;177;107;75;64;84
60;114;51;90;82;82;84;92;54;99;68;70;63;134
83;134;50;92;79;86;151;96;57;101;76;74;63;150
82;221;56;131;85;87;152;97;57;102;71;73;63;80
84;120;52;83;85;81;142;94;58;102;74;71;64;87
59;119;50;97;79;85;144;94;56;98;80;74;66;87
57;123;52;88;80;80;145;97;58;99;66;70;63;75
76;138;56;95;86;98;152;106;57;101;78;75;65;85
66;128;52;98;80;91;156;102;62;104;82;82;68;89
61;165;47;90;82;84;148;99;58;187;72;65;59;77
83;137;57;99;85;86;158;94;60;107;83;76;68;84
60;119;51;96;88;289;143;94;54;109;68;74;63;89
66;123;51;88;79;85;143;97;56;96;69;74;62;84
79;124;47;80;75;74;152;93;54;104;72;68;61;74
66;128;49;86;82;82;154;97;57;98;75;77;66;82
62;129;50;86;81;81;156;96;57;106;75;79;69;91
75;233;47;81;75;76;143;93;57;92;84;72;64;82
61;130;54;91;82;85;155;95;58;106;80;73;64;87
76;127;49;89;81;84;149;90;58;101;68;75;65;76
66;112;45;85;70;76;142;87;53;85;95;72;60;81
54;118;38;74;78;80;143;89;47;99;68;68;59;96
65;118;46;83;75;66;144;97;56;94;78;78;63;93
77;125;47;103;80;90;137;92;55;103;65;77;65;77
69;147;50;86;79;82;137;86;56;99;70;74;64;92
88;121;53;92;76;84;176;97;60;104;74;78;67;78
74;124;48;77;80;59;147;131;53;89;78;65;62;81
95;112;51;84;100;72;149;97;59;99;69;75;64;86
73;110;47;78;75;78;138;87;54;92;76;73;63;78
60;111;48;88;100;65;162;90;60;97;74;76;65;70
76;115;49;91;80;82;168;92;56;101;73;76;65;77
59;110;41;77;80;99;137;89;49;89;84;65;57;73
96;106;51;82;82;151;129;93;55;93;81;64;62;84
83;110;45;83;82;79;168;92;60;100;77;70;73;77
69;125;51;86;81;90;151;99;62;106;84;77;80;72
56;121;52;78;77;83;128;88;55;111;71;69;57;83
76;132;49;88;80;82;145;90;57;102;83;83;68;87
54;117;49;84;76;81;151;92;57;99;70;74;63;88
63;130;51;85;78;81;156;93;55;91;73;74;67;83
71;119;49;91;74;75;138;91;52;90;84;75;69;80
66;130;50;88;83;78;152;91;57;103;81;75;63;80
54;110;44;99;126;85;141;86;52;99;70;71;63;66
71;124;51;88;81;88;144;98;79;85;74;75;65;88
56;115;47;82;87;78;126;94;58;113;77;66;58;69
69;117;51;90;81;84;154;95;60;101;71;77;71;71
85;126;50;92;85;86;159;100;59;99;77;79;68;84
57;120;49;88;78;84;154;96;55;96;74;71;62;83
67;114;50;84;73;89;150;92;63;104;75;78;70;90
60;132;51;85;79;85;149;89;63;105;80;77;65;77
80;129;45;89;80;85;151;92;53;104;83;70;63;77
56;111;51;106;73;76;129;90;51;102;66;110;61;83
58;116;52;83;74;78;140;96;56;94;80;76;62;85
61;208;45;77;72;76;158;88;52;100;78;75;63;83
68;116;48;93;75;81;143;94;58;96;74;73;61;87
80;141;55;101;92;93;155;96;57;111;94;59;62;85
66;116;43;84;76;75;144;92;52;96;71;73;63;74
59;127;52;106;84;83;146;91;56;95;71;75;64;86
68;117;52;85;81;88;136;99;44;93;72;66;61;63
65;122;52;86;80;91;144;94;75;101;72;83;63;89
86;174;50;94;99;81;157;94;62;103;79;83;70;86
91;98;46;85;74;77;144;90;57;100;76;67;62;82
56;117;45;88;78;79;143;97;57;92;75;77;63;82
77;111;49;75;86;75;151;93;54;93;71;71;63;76
72;127;47;93;75;78;147;93;55;94;72;75;62;92
58;123;49;87;74;81;147;94;55;96;73;79;62;76
68;114;46;86;86;76;146;92;56;183;70;76;68;83
68;114;50;85;76;82;150;91;53;97;69;72;64;82
67;129;49;83;80;88;134;94;56;99;74;73;66;86
63;131;48;96;80;77;142;89;55;97;70;73;61;80
80;126;46;85;81;78;147;93;54;93;70;70;61;76
55;110;46;81;71;80;144;91;53;90;77;75;62;72
82;125;48;79;74;79;143;90;55;99;77;73;66;78
77;119;51;85;77;83;139;91;59;97;73;73;63;83
58;129;48;85;81;88;146;96;55;101;75;77;68;85
62;123;50;85;88;85;149;94;55;93;73;71;61;76
84;135;47;91;93;75;139;95;54;99;71;68;62;72
72;119;47;91;87;84;136;91;53;99;74;73;62;96
79;126;49;90;85;82;151;96;55;106;82;74;62;80
62;124;53;86;88;85;142;93;59;95;71;78;63;81
74;109;46;81;121;79;146;91;53;93;72;80;72;83
87;114;47;105;73;88;146;94;55;98;66;79;62;78
73;129;48;92;80;80;148;92;54;93;78;78;71;84
85;137;53;96;89;91;149;101;56;99;74;83;69;93
77;121;47;82;78;79;146;94;54;106;83;59;64;83
88;141;50;93;81;81;163;93;57;122;75;85;71;93
79;120;51;91;79;84;153;101;58;109;70;80;68;85
75;120;50;99;98;88;153;94;60;102;77;67;65;82
92;155;56;100;86;89;163;105;62;112;74;79;72;97
79;127;50;86;82;86;148;96;58;99;86;66;74;77
77;112;49;89;73;76;158;91;53;100;71;77;65;82
71;139;51;96;93;90;161;94;60;97;73;74;63;87
52;113;47;86;73;88;133;89;54;96;67;83;48;75
68;130;48;86;76;82;152;96;57;96;72;74;66;79
67;125;51;87;80;85;134;90;55;90;72;72;59;77
75;136;54;94;80;83;150;91;54;93;70;73;62;82
61;160;49;84;72;82;145;95;56;96;74;70;62;91
62;127;49;87;78;85;131;92;51;91;76;65;58;75
73;117;49;79;73;78;137;95;46;84;64;68;53;79
67;130;46;84;78;77;146;90;56;100;67;68;59;75
61;131;48;80;82;81;136;91;55;105;75;72;61;83
64;122;44;101;73;87;143;88;53;86;74;68;58;77
68;117;48;88;77;259;160;96;56;110;74;73;65;83
58;116;51;96;77;77;151;91;56;93;74;75;67;68
68;133;47;78;84;77;141;90;53;92;72;71;64;75
64;125;48;92;81;75;151;92;57;99;70;70;61;83
56;118;48;80;76;77;136;89;54;89;84;58;61;79
50;117;44;71;83;82;145;95;77;88;70;66;64;83
58;116;40;85;84;117;6;101;58;93;109;68;59;64
73;117;46;100;100;80;134;98;62;80;78;78;63;81
70;125;47;89;75;81;136;89;54;90;65;71;60;78
74;152;58;94;78;86;145;95;61;107;74;74;64;77
64;123;49;141;80;81;135;94;57;186;77;68;62;82
77;95;38;67;67;58;127;85;44;74;71;65;56;64
53;124;45;82;77;79;145;95;41;105;75;74;63;84
54;116;47;79;76;80;134;92;54;97;69;71;61;79
60;117;49;93;78;81;142;98;56;94;75;72;64;86
55;127;48;83;77;87;130;88;56;93;73;73;66;80
81;121;59;78;75;81;139;85;52;92;75;68;58;72
60;118;49;83;77;79;151;91;52;92;67;69;58;75
59;138;49;91;89;85;139;94;55;108;76;68;61;86
83;112;49;90;71;81;151;90;51;95;70;76;60;80
72;122;50;76;75;76;149;94;55;94;82;74;63;85
59;120;39;72;67;102;128;95;55;81;66;60;51;72
63;121;48;82;82;79;148;96;58;100;76;68;60;85
64;137;53;97;84;90;150;102;53;97;62;69;62;90
59;121;48;87;80;82;147;94;54;94;67;68;61;94
57;120;49;80;77;88;132;89;56;96;81;75;67;99
54;110;47;81;79;76;148;89;56;96;67;75;64;105
54;121;48;93;104;76;143;88;56;96;80;76;63;83
69;124;51;100;81;81;147;93;54;99;68;70;62;82
73;121;49;77;82;76;144;91;55;92;72;64;59;68
54;120;50;84;117;84;139;91;56;96;72;73;66;90
59;119;49;86;78;81;145;91;55;94;78;70;60;76
56;128;45;79;75;77;131;91;51;98;71;72;61;78
59;119;47;89;79;80;140;90;57;109;74;75;62;68
60;122;52;91;84;84;163;91;57;100;75;72;67;85
86;131;53;90;81;83;154;94;52;206;76;75;65;79
57;116;63;88;81;81;149;95;54;92;85;65;63;84
70;123;50;84;82;82;154;97;57;92;69;76;63;104
58;117;45;81;75;75;145;96;53;95;75;73;61;76
82;128;49;92;82;85;155;104;58;107;81;69;65;86
57;112;47;76;80;76;152;90;57;96;70;70;64;75
73;123;55;81;81;82;149;92;55;97;67;74;65;77
85;123;48;81;77;75;143;94;55;102;90;64;67;70
73;137;56;91;87;74;154;93;58;102;79;80;62;79
73;134;56;91;88;89;179;102;61;110;75;75;72;91
57;120;56;80;98;69;160;92;67;97;72;62;69;83
82;113;51;85;83;83;147;96;57;107;74;78;69;72
77;143;59;94;90;90;166;114;58;85;70;71;66;97
82;124;45;91;76;85;142;92;53;93;68;73;61;78
72;123;51;88;81;80;146;93;59;99;72;87;68;86
84;133;49;88;84;95;164;98;60;109;75;75;64;83
88;119;52;92;82;82;150;93;56;108;74;74;65;85
69;139;50;86;84;84;145;95;55;99;74;79;68;87
61;121;49;87;77;87;146;98;57;96;74;76;66;84
68;123;48;90;78;82;148;89;62;97;73;74;68;90
70;139;50;84;82;79;143;91;65;100;82;79;65;83
104;123;49;84;76;79;138;91;58;90;75;76;64;82
69;121;48;89;84;80;134;85;52;115;68;71;60;75
71;154;51;95;83;82;150;89;56;108;63;74;63;77
63;123;51;90;85;81;160;118;53;125;133;81;65;73
67;113;47;84;72;80;143;97;73;80;74;72;70;92
61;141;46;84;78;76;134;95;56;96;69;70;65;82
55;116;49;86;72;266;140;92;59;93;67;74;65;82
56;136;51;82;79;82;156;103;62;103;78;84;65;93
72;125;49;86;79;118;140;90;55;92;71;78;61;81
73;137;47;86;80;82;149;93;55;100;83;74;54;69
66;122;48;82;77;79;144;90;58;102;73;76;66;75
77;133;51;93;79;83;152;92;55;96;69;77;67;70
61;149;48;84;80;82;162;103;58;90;71;69;64;84
68;156;51;97;79;82;152;101;45;97;93;63;58;74
68;130;49;89;77;82;148;91;57;111;67;64;63;82
56;119;51;89;79;78;141;93;56;91;70;74;70;85
86;127;48;85;81;80;146;91;57;90;71;73;61;81
65;130;52;94;83;86;147;101;61;107;81;75;65;81
63;128;47;79;72;88;151;89;52;99;73;68;59;82
69;120;54;87;82;83;147;96;60;110;72;77;64;78
62;145;55;96;83;84;145;97;51;93;68;68;60;75
52;113;47;104;71;73;144;89;65;93;74;74;61;78
87;122;51;82;76;75;142;92;58;95;79;74;62;87
62;138;50;90;81;83;154;95;62;105;73;77;68;93
57;125;48;87;83;83;136;93;57;96;76;79;64;86
62;136;51;96;92;91;151;99;56;102;67;73;61;81
61;122;53;85;83;84;144;90;58;99;75;77;64;88
72;153;48;95;81;91;155;96;58;101;71;69;62;95
50;112;44;85;71;78;134;88;52;111;69;68;59;74
71;121;51;83;79;89;146;92;56;98;71;80;64;88
74;130;49;85;73;81;133;94;53;89;71;64;57;77
60;117;51;77;75;83;140;91;53;88;80;81;68;91
68;133;52;96;89;85;157;99;64;107;79;100;69;88
72;124;51;90;84;83;156;97;60;104;79;78;69;95
69;135;49;90;88;93;160;96;62;106;70;72;64;86
64;124;51;89;83;92;158;98;60;95;72;77;65;88
58;119;49;85;77;81;137;91;58;95;81;67;67;87
66;131;45;81;76;77;136;94;54;96;72;76;64;89
66;122;46;86;75;79;138;89;56;93;74;70;60;82
53;116;43;74;74;78;129;87;52;92;69;65;57;78
73;130;47;92;75;78;143;91;58;102;70;76;75;83
83;117;52;81;78;89;156;98;64;107;83;61;67;86
77;110;54;67;81;103;135;81;75;81;70;66;54;62
99;119;59;84;79;89;153;98;60;97;75;86;67;88
54;101;43;70;72;79;150;92;56;94;71;56;61;65
96;117;49;81;75;82;135;97;56;98;77;76;65;83
96;110;37;83;75;81;151;94;57;93;65;68;62;80
95;119;41;71;84;68;146;83;46;108;82;68;55;72
75;127;41;93;83;74;148;93;60;102;86;65;70;76
60;108;46;78;86;81;199;82;41;94;79;56;59;71
66;127;49;95;80;85;161;93;57;97;82;63;68;83
57;121;47;93;86;82;143;89;55;110;69;72;61;78
60;131;52;92;87;83;144;98;57;100;72;75;64;92
58;115;52;16;102;80;153;104;57;89;70;73;66;82
75;130;52;89;77;83;146;90;57;93;71;70;60;92
65;129;54;84;79;80;142;92;56;90;77;72;62;84
79;128;52;86;82;80;147;92;58;99;74;73;64;81
50;129;32;80;78;112;139;82;44;87;54;71;54;80
89;139;48;82;103;82;155;89;56;104;72;74;60;76
67;130;51;84;79;80;144;91;52;95;69;69;60;79
78;154;49;85;84;80;143;101;57;113;81;77;71;84
64;118;49;84;81;77;151;93;55;90;68;74;60;78
58;123;47;83;86;77;154;97;54;91;77;68;59;78
59;118;46;85;77;79;145;94;57;100;74;77;65;74
60;119;49;86;74;78;150;88;56;99;67;72;66;93
59;116;55;85;75;76;145;102;48;97;65;78;63;74
50;95;40;109;74;111;131;87;77;71;116;61;53;78
56;126;46;82;76;83;155;92;54;106;69;73;62;77
70;122;49;96;79;83;151;94;58;98;69;81;66;90
58;127;51;90;82;122;151;106;57;91;73;75;59;83
65;127;53;89;81;84;153;102;63;98;82;74;65;87
63;129;51;82;79;80;144;95;68;75;70;72;59;83
61;118;48;77;78;81;144;95;56;99;87;73;60;86
76;116;49;80;76;76;140;92;54;89;77;72;62;77
59;117;48;82;80;85;139;93;56;114;80;75;66;96
61;140;50;93;80;104;136;81;71;121;75;62;81;95
73;132;51;92;82;86;151;101;60;100;74;82;75;83
58;120;48;91;77;85;143;92;58;100;82;72;64;76
85;127;50;79;75;77;147;94;56;97;75;74;65;85
62;129;48;85;77;84;141;90;55;96;70;77;64;78
57;163;49;89;74;78;132;91;53;103;72;71;61;81
79;180;53;92;83;85;148;101;61;105;75;79;69;85
59;123;50;94;88;85;136;92;59;97;69;71;61;90
46;109;43;73;78;74;127;74;73;75;68;64;50;68
67;132;51;87;78;81;141;93;55;109;90;78;64;79
75;117;48;79;80;83;152;90;57;94;73;73;62;79
57;125;54;80;83;89;136;89;58;110;67;76;65;86
60;133;50;88;80;81;144;98;55;97;68;76;62;87
70;121;54;94;83;86;162;94;59;100;78;76;61;82
80;128;47;88;79;102;146;98;57;97;70;68;61;79
60;157;50;84;74;81;134;93;53;93;69;72;61;78
105;133;54;86;77;84;141;93;56;97;74;81;67;89
48;119;44;106;74;95;127;123;90;84;67;57;49;87
87;133;52;92;83;86;155;97;56;107;78;82;65;104
65;135;46;81;77;75;139;91;54;91;73;73;61;73
66;124;48;88;73;87;136;90;55;93;62;63;58;68
97;130;56;96;85;97;184;109;59;118;92;71;68;89
89;119;48;78;74;85;138;87;55;100;75;63;61;72
94;129;51;85;90;82;156;92;49;92;59;70;62;73
87;126;50;80;83;72;148;93;57;95;74;76;66;78
66;109;45;74;72;71;127;84;52;98;72;56;57;60
102;128;52;90;85;89;154;115;60;105;76;77;65;86
75;125;48;81;76;85;157;92;57;98;66;70;61;71
69;113;35;87;86;68;135;83;48;79;56;66;55;64
64;129;55;93;81;91;148;98;58;99;74;72;66;80
75;137;51;92;89;91;152;98;77;87;78;79;72;74
82;130;51;98;81;82;148;99;53;96;82;71;65;87
77;140;53;89;81;83;145;99;57;105;87;82;66;90
47;113;40;76;73;106;135;84;45;84;64;65;53;84
77;140;57;92;85;89;152;102;66;110;86;84;69;89
61;115;47;86;80;89;147;91;55;97;77;72;61;89
62;168;55;87;77;80;143;90;56;94;70;74;64;88
69;125;49;87;76;78;138;94;57;111;77;73;67;79
69;171;47;88;85;81;141;94;57;99;71;74;63;82
85;127;53;94;78;87;150;100;46;98;77;74;64;78
76;141;54;91;85;86;153;96;55;98;82;70;64;81
59;127;55;115;80;87;151;88;56;98;72;66;65;87
72;137;51;91;83;80;147;91;60;97;73;72;60;80
78;131;49;87;78;86;141;88;55;98;73;84;64;79
68;140;97;88;83;85;139;94;59;103;75;78;65;87
52;114;44;80;70;81;138;89;58;104;73;70;61;78
68;129;56;92;89;86;157;114;61;208;67;83;71;81
88;113;54;82;81;85;146;96;56;98;80;72;63;87
72;130;51;88;85;173;142;89;55;96;78;76;64;81
67;130;51;86;83;89;153;99;59;99;73;74;64;88
65;146;51;89;84;78;144;94;60;101;74;86;71;89
65;188;51;108;83;92;154;115;60;101;75;75;65;81
68;132;52;93;86;86;151;100;61;106;80;85;70;91
77;117;48;85;124;84;141;91;55;99;77;72;61;84
72;111;48;86;76;82;141;97;54;95;71;73;63;87
63;128;50;87;78;85;153;94;58;108;80;84;65;82
68;129;53;91;83;93;152;96;59;100;68;71;61;76
65;124;52;87;78;77;148;90;57;100;75;79;64;87
76;122;48;78;84;80;154;94;57;99;77;73;65;89
105;115;45;84;71;82;138;87;55;104;73;72;62;90
70;120;50;93;90;81;147;94;55;100;73;72;61;84
65;127;53;86;78;91;153;98;56;98;80;76;61;87
64;143;54;93;84;87;156;91;58;94;78;66;69;84
80;119;49;80;75;81;133;89;55;100;71;74;60;75
62;129;52;91;80;81;150;95;55;101;76;77;66;86
80;126;53;92;84;86;148;96;58;104;74;80;67;93
57;113;47;85;77;86;144;95;56;96;69;71;63;76
70;127;60;79;74;86;143;92;55;91;72;73;62;77
70;117;49;84;84;202;135;93;56;97;76;74;66;86
65;132;48;80;81;84;161;220;57;101;76;72;65;87
74;121;47;92;74;86;141;98;56;93;90;76;63;86
65;134;54;98;89;84;157;99;58;102;76;75;67;91
75;131;57;100;88;95;152;93;60;104;76;80;68;84
81;126;48;83;75;77;138;91;56;96;68;77;68;84
81;196;49;85;73;83;147;124;53;98;63;69;64;85
74;119;48;85;76;78;137;93;53;91;67;68;61;82
73;140;52;95;82;89;153;95;60;106;75;87;65;102
65;145;55;97;88;89;163;158;59;108;76;78;69;109
81;125;57;89;80;79;143;96;58;99;68;75;68;71
84;128;54;91;91;90;157;89;61;104;65;72;63;80
88;123;49;86;86;78;149;93;60;102;92;66;65;78
90;132;56;88;88;72;171;95;65;115;84;91;63;87
90;133;55;98;85;90;164;111;63;101;77;84;68;96
72;123;55;96;86;84;156;102;63;103;80;79;71;83
88;126;53;88;85;106;153;93;56;112;92;65;63;79
90;114;51;89;68;70;281;91;77;87;72;77;63;73
71;124;51;94;81;87;160;93;61;104;80;79;68;90
68;132;58;100;88;90;160;104;62;113;79;84;70;91
75;132;50;93;85;90;154;94;56;102;78;77;67;85
61;151;51;95;85;88;157;104;56;100;77;89;63;85
65;131;52;93;86;89;143;88;54;99;72;69;62;89
58;132;50;87;78;85;151;96;70;95;74;74;66;85
55;111;52;77;72;76;163;92;60;102;73;77;65;84
57;118;48;100;75;80;144;97;56;96;77;72;58;86
66;125;48;85;81;80;141;93;58;98;79;75;61;82
82;127;50;96;78;82;152;98;55;100;85;72;65;72
75;157;53;95;84;84;153;105;62;107;77;90;70;85
83;128;47;87;75;80;147;91;54;111;72;75;66;82
58;119;49;81;79;82;150;99;66;91;73;72;73;70
63;128;50;91;87;77;138;101;56;98;86;79;66;85
75;133;49;85;78;83;137;90;55;100;84;65;63;89
87;132;48;89;87;96;154;105;58;97;76;72;63;83
64;127;52;94;81;82;162;95;61;102;79;74;69;85
55;124;50;88;76;90;147;97;59;102;73;75;64;87
58;128;46;83;78;81;141;92;57;98;79;78;61;84
57;129;51;86;79;86;146;95;58;91;68;75;62;82
82;126;50;96;81;90;151;135;54;108;80;64;65;85
84;121;49;88;78;83;153;90;59;99;82;75;66;86
56;116;46;83;76;81;138;93;57;94;83;54;58;73
78;160;54;90;81;87;140;91;57;95;95;72;61;82
63;129;50;90;84;83;164;100;62;100;71;76;67;82
65;116;51;91;78;85;146;98;57;99;77;73;68;82
58;137;58;91;84;88;150;89;55;102;79;78;66;87
77;159;54;90;87;85;138;92;54;97;68;61;63;88
58;135;46;84;80;83;135;94;55;106;84;60;63;81
57;121;49;83;74;79;134;92;54;98;95;67;66;87
78;113;48;78;73;82;151;95;56;94;70;73;63;81
62;124;52;88;81;86;154;95;60;114;74;80;71;88
71;128;51;86;77;81;141;94;59;97;68;74;65;80
59;115;49;83;82;80;138;92;57;97;72;72;60;82
77;121;50;87;80;85;154;90;57;95;77;72;64;79
63;131;52;89;80;85;148;90;57;99;70;70;61;81
59;123;45;87;75;82;132;87;53;97;63;86;58;80
52;120;47;83;75;87;144;92;55;91;78;68;60;76
57;142;47;91;82;90;144;92;57;96;72;74;65;83
70;120;49;78;77;82;137;94;58;97;77;80;68;87
61;142;52;89;87;87;144;95;55;109;77;77;67;81
52;116;44;75;76;74;143;96;55;94;72;73;62;86
56;121;48;81;78;84;139;91;57;95;74;70;62;75
54;120;45;86;78;78;148;89;54;95;66;73;61;81
69;131;48;85;81;79;146;95;54;93;83;68;59;84
68;131;49;84;82;81;150;93;56;113;73;74;63;88
58;126;49;83;77;80;142;95;59;93;67;83;65;85
73;122;49;84;76;81;142;100;44;102;82;76;64;92
59;141;50;90;85;83;154;95;56;103;76;81;66;88
77;126;52;93;84;91;157;95;56;107;81;77;65;89
57;130;55;100;81;81;151;97;57;100;88;68;66;82
70;126;48;90;79;86;168;111;64;104;80;85;70;101
89;124;50;87;81;85;144;98;56;100;73;76;64;85
79;126;54;85;77;83;156;96;60;106;94;67;67;80
61;122;49;90;83;81;152;94;58;105;76;83;69;86
79;110;44;101;76;82;133;116;59;105;85;56;59;75
84;130;47;96;87;90;154;92;56;101;98;67;71;74
61;118;50;88;80;84;153;96;57;112;73;79;67;82
62;125;46;92;84;83;156;97;64;94;81;75;65;83
54;119;46;79;74;79;144;97;60;96;76;81;64;86
67;123;52;92;80;81;136;92;52;91;67;76;61;77
79;130;50;88;82;85;150;152;53;96;67;70;60;88
67;120;50;88;77;79;132;88;58;96;71;76;63;82
66;123;48;88;77;78;146;90;69;85;83;76;64;82
53;113;44;80;68;68;139;84;49;79;68;69;63;63
75;130;47;88;79;86;147;92;55;97;69;78;62;83
57;116;51;90;82;80;144;93;78;84;71;77;67;83
84;118;46;83;72;75;135;94;54;98;66;73;50;76
70;121;49;86;80;81;153;95;58;102;75;67;58;72
60;123;48;82;78;78;146;88;56;94;70;73;65;81
56;129;48;81;75;80;139;91;55;88;82;71;64;68
113;124;49;119;95;81;179;96;55;99;77;74;66;86
69;118;49;85;80;80;145;96;53;97;72;73;62;76
62;134;51;86;80;88;145;91;70;89;70;75;64;78
52;115;37;77;69;98;131;78;48;79;53;70;54;72
59;121;50;85;82;87;152;165;59;97;79;70;61;82
55;119;44;73;83;79;136;90;54;104;69;70;57;76
53;124;46;79;75;80;139;91;52;107;74;71;63;87
82;141;49;84;81;84;147;98;56;97;69;73;61;77
58;122;48;79;74;78;144;97;56;94;75;74;70;73
63;127;50;86;72;75;139;94;53;101;73;67;60;76
71;128;52;89;81;81;148;93;57;106;75;74;64;84
76;134;46;87;80;83;152;100;59;111;93;69;67;94
78;143;56;86;81;83;145;96;55;107;75;72;62;84
49;114;38;64;72;63;128;72;45;86;58;67;53;75
91;129;50;97;80;84;144;123;57;94;83;68;60;81
76;115;45;75;74;76;148;88;55;93;76;70;66;87
78;122;50;89;82;81;149;88;54;93;74;72;61;83
87;117;45;84;74;76;140;90;53;97;80;78;63;87
56;118;48;88;77;82;145;92;53;92;66;73;59;76
60;125;47;86;77;80;142;88;55;95;67;70;63;82
69;119;50;83;82;78;141;95;53;97;79;68;59;72
65;118;52;82;81;77;144;91;53;89;69;72;61;78
73;124;52;89;83;91;162;94;58;108;88;78;67;82
56;116;45;67;66;74;135;125;48;127;66;72;57;74
70;129;49;76;76;76;135;89;55;103;72;70;60;81
74;120;49;95;81;83;145;96;57;104;78;78;68;93
65;124;46;86;80;82;149;98;56;95;74;75;66;81
69;120;51;85;73;84;149;98;54;92;70;80;63;83
74;130;52;92;74;87;155;103;59;99;75;81;68;81
50;114;46;88;79;122;141;92;54;95;77;73;62;79
77;120;49;83;76;79;148;95;54;102;86;75;64;95
74;123;48;84;76;78;154;91;55;96;72;71;66;80
56;113;34;80;70;74;149;98;57;117;52;73;55;96
73;118;49;84;76;81;139;96;56;98;67;74;64;86
72;135;49;90;82;86;160;100;61;105;77;77;69;89
76;131;54;102;80;76;139;95;55;101;75;74;66;88
108;122;50;85;78;82;154;91;58;101;94;68;70;83
92;130;50;82;82;84;146;91;55;95;89;60;65;74
76;123;52;83;87;85;154;94;57;95;74;80;66;87
77;130;52;88;78;81;150;98;60;104;73;77;66;78
75;134;52;84;86;81;151;97;59;104;80;64;65;70
96;133;52;89;86;78;182;93;64;111;96;71;71;81
87;103;47;84;81;83;154;88;54;89;69;70;60;73
83;123;51;95;94;88;157;101;61;102;94;79;71;80
61;115;47;83;95;92;138;98;61;102;70;71;63;78
78;129;51;94;79;83;140;91;56;99;81;81;64;84
74;126;50;89;84;81;147;96;58;103;82;78;66;83
66;122;47;81;74;205;149;96;59;98;68;71;63;77
50;117;42;74;111;102;138;72;47;80;64;68;55;79
60;128;49;93;87;85;147;90;55;95;63;73;64;82
56;140;48;85;79;79;135;94;56;94;69;74;62;78
69;136;48;88;72;80;146;95;54;95;78;74;64;83
55;135;53;89;82;85;153;103;67;115;68;82;69;110
61;126;44;77;78;79;132;89;61;100;70;65;59;106
60;119;50;82;78;82;143;100;56;103;75;73;62;94
67;123;51;89;84;89;176;99;56;97;80;76;65;89
56;120;45;86;81;79;157;89;54;95;78;75;69;75
82;131;49;87;74;81;143;93;55;96;79;69;69;78
56;121;43;77;79;103;143;92;49;139;71;66;60;83
51;109;44;78;72;84;142;93;53;96;69;72;64;80
57;128;47;85;77;79;143;95;54;96;88;60;64;77
51;121;49;81;79;78;141;93;55;111;59;67;59;75
58;124;50;80;77;82;142;96;55;105;87;75;69;64
59;121;46;82;78;84;147;89;54;95;74;71;61;79
73;119;48;83;78;96;151;97;55;96;82;74;62;83
72;125;50;91;78;82;151;94;53;99;72;72;64;89
71;123;45;86;78;77;145;95;54;93;76;74;64;86
62;129;53;93;81;81;146;99;58;100;73;76;67;81
52;159;41;75;76;94;143;75;47;115;52;65;51;85
70;113;47;91;74;78;140;89;54;94;72;72;62;79
49;104;41;72;81;72;154;95;59;100;79;76;68;83
71;114;41;89;77;78;146;90;53;93;69;72;64;81
75;126;50;82;76;254;141;90;53;95;65;90;63;83
62;128;51;89;75;77;151;94;57;94;68;72;64;82
66;112;46;84;80;79;143;90;54;100;74;75;65;84
54;119;45;86;74;76;150;89;54;103;74;74;63;76
74;117;49;87;86;84;147;91;57;95;81;77;67;92
74;117;51;93;79;92;147;93;52;100;70;69;61;85
67;122;45;83;74;79;142;95;53;92;79;74;63;75
77;116;52;88;78;80;144;96;56;95;79;69;63;74
59;127;47;89;81;80;159;89;57;96;72;73;63;83
74;118;46;86;79;81;140;97;55;104;75;75;62;85
96;156;48;127;90;78;248;108;53;103;72;75;59;73
64;126;49;82;74;78;143;93;59;104;72;72;62;77
73;122;53;88;81;81;144;93;60;97;72;86;67;82
69;126;48;82;78;78;145;91;55;106;68;77;65;82
63;126;51;86;81;92;159;97;58;103;68;72;63;81
74;117;46;83;73;81;139;98;53;95;78;62;62;79
57;122;51;95;77;104;141;85;49;81;65;75;57;80
75;118;46;91;85;84;144;95;54;92;87;75;65;91
59;143;51;88;81;85;148;93;52;97;72;74;63;88
63;130;47;87;82;83;154;95;58;103;74;85;63;88
83;126;54;94;84;80;161;100;58;116;78;80;66;91
90;126;48;85;87;71;151;96;55;93;73;74;65;75
76;122;51;84;87;86;195;94;54;95;77;64;64;86
91;137;59;96;91;109;142;98;61;99;78;85;73;89
74;123;48;93;76;82;152;93;57;96;68;74;68;73
80;135;57;93;99;92;163;94;65;102;84;68;71;82
92;116;51;89;83;84;211;81;58;98;88;79;56;76
78;127;50;83;82;124;134;95;56;97;70;78;52;87
111;118;53;89;108;71;166;95;68;102;81;82;69;81
99;127;53;101;87;94;168;104;63;117;83;88;64;76
55;124;42;90;74;78;144;87;46;84;68;71;63;83
67;132;55;95;92;84;153;93;58;105;70;77;63;85
62;128;50;90;81;83;152;94;54;109;72;74;66;92
54;129;48;90;83;80;145;87;55;96;74;72;61;92
72;121;50;95;86;82;145;91;56;105;73;78;66;85
80;128;50;86;77;85;153;92;58;98;99;77;72;75
55;129;51;83;151;78;140;92;53;96;77;75;66;68
74;125;52;93;85;132;144;97;57;102;74;71;62;82
65;130;50;91;81;86;140;92;56;87;77;76;64;87
59;118;49;87;75;78;146;93;53;106;69;72;60;74
56;128;44;82;82;75;149;90;55;100;73;68;61;80
67;142;58;93;83;85;168;107;66;106;79;82;73;88
56;140;51;80;75;78;138;92;59;96;71;78;64;66
72;127;54;87;77;87;147;92;53;102;73;80;63;94
56;128;47;86;74;76;136;91;54;98;68;71;67;67
76;121;49;86;79;81;175;107;87;82;77;73;65;86
82;130;44;89;78;78;148;93;53;98;74;75;65;80
58;112;49;86;80;79;148;89;52;100;75;74;63;84
71;107;46;81;120;80;138;93;54;92;67;71;63;76
56;119;57;83;78;82;148;90;54;90;74;72;60;76
61;121;44;83;80;69;146;92;50;93;86;59;56;71
71;114;48;75;74;76;145;90;55;98;70;70;60;76
58;120;46;82;74;75;138;85;53;91;75;72;61;82
58;131;46;84;80;79;137;91;57;86;69;68;60;76
80;126;44;82;78;83;147;92;54;106;80;74;62;80
62;134;45;91;83;93;157;95;58;100;69;74;61;82
54;125;49;89;76;77;143;89;51;93;76;68;61;79
58;117;53;83;86;79;143;88;60;102;70;75;64;85
59;122;48;80;92;72;132;94;55;90;71;72;65;64
59;117;46;86;77;81;136;92;52;92;71;71;60;79
72;123;39;69;69;63;133;81;50;100;78;70;59;86
93;122;40;75;73;75;140;89;52;89;73;72;60;76
72;119;47;81;82;77;144;97;53;105;72;72;61;79
66;120;48;82;76;77;139;90;54;105;77;70;60;71
76;123;51;90;82;83;149;104;59;110;80;85;67;89
66;127;48;90;84;88;157;92;57;102;73;79;64;86
58;123;46;90;76;80;140;88;57;96;78;73;62;78
62;130;50;89;81;77;143;106;56;99;75;79;64;83
54;111;46;79;77;83;145;93;56;96;87;78;68;81
71;120;49;82;77;84;146;100;57;107;75;73;64;80
55;117;39;90;76;61;135;83;51;98;73;68;56;84
67;121;50;91;84;88;142;98;55;105;67;74;64;84
67;129;47;82;73;83;132;94;60;97;75;73;62;78
62;135;49;88;82;87;151;98;59;102;75;78;68;76
102;142;49;89;78;85;147;102;55;94;67;72;61;84
72;127;47;92;79;86;145;93;56;108;67;77;64;85
55;123;50;85;89;77;147;120;58;163;71;72;62;91
75;126;47;88;97;77;143;96;55;95;76;73;65;81
74;121;48;87;77;87;148;98;56;100;74;71;63;86
63;136;47;88;84;94;154;98;61;106;75;72;67;84
89;140;55;103;163;97;141;94;58;96;73;81;67;72
91;121;53;86;85;84;175;100;65;116;81;85;70;87
87;122;51;84;84;78;155;99;59;111;74;72;65;74
79;126;52;87;79;84;147;97;58;102;71;74;66;86
92;112;52;85;92;82;162;78;63;88;75;62;69;79
96;132;54;96;95;81;152;91;58;103;78;80;68;76
83;108;48;86;79;86;136;94;59;96;67;83;56;65
69;135;50;85;75;84;148;89;58;92;83;66;53;68
60;117;52;83;79;80;144;95;44;98;70;72;63;79
86;124;50;83;76;78;142;92;68;79;79;61;62;82
66;132;51;90;89;89;143;96;57;103;81;79;68;88
62;124;48;83;74;77;154;100;60;109;86;79;72;106
52;119;40;70;75;68;136;83;49;86;68;68;60;85
24;123;54;86;83;81;137;86;55;96;75;69;63;82
76;122;49;82;73;78;143;89;54;93;81;71;59;83
73;118;59;95;82;83;150;91;57;98;70;78;66;82
68;116;50;111;79;79;147;96;63;107;70;74;68;68
69;117;50;84;88;78;138;91;55;99;81;75;65;81
67;117;48;79;76;79;142;90;69;82;77;72;66;73
63;127;52;89;86;87;153;97;60;106;81;68;61;75
69;133;52;87;82;90;150;101;59;100;76;76;71;79
73;113;43;105;78;63;147;75;46;80;73;76;59;78
60;108;44;78;68;81;153;96;56;112;78;78;65;88
58;131;48;93;85;79;147;95;57;98;71;75;65;82
75;123;50;92;79;81;160;95;56;98;72;74;62;85
51;113;39;80;74;77;137;86;44;100;69;68;54;78
57;133;50;93;78;78;139;87;55;99;73;77;67;88
54;116;45;79;80;77;136;89;55;99;73;61;61;71
69;129;50;90;80;82;139;92;57;178;80;70;65;89
76;122;52;89;81;82;145;94;62;91;71;71;61;83
69;124;54;88;86;81;151;98;81;99;76;80;69;87
52;121;42;85;70;80;139;84;47;82;65;65;52;76
74;121;54;96;88;87;167;98;55;109;71;71;63;76
70;124;49;83;81;84;155;96;58;104;77;76;63;86
72;133;52;87;80;83;151;96;58;99;77;77;65;88
56;125;48;87;77;92;139;84;56;202;68;79;65;77
85;136;53;91;80;86;149;94;57;104;97;59;62;76
75;124;51;79;81;80;151;91;58;101;79;75;67;96
57;120;44;83;74;76;140;90;53;99;69;74;61;77
56;122;46;85;75;79;136;87;54;89;82;74;63;88
57;121;51;92;81;87;144;90;60;99;72;73;65;87
71;119;39;77;73;61;133;91;49;83;78;64;50;66
75;123;54;93;90;85;149;97;57;97;67;67;57;79
84;124;50;93;86;87;147;94;57;105;74;79;64;92
74;120;47;85;91;82;151;93;56;96;72;74;64;79
56;115;44;76;77;74;142;94;51;92;67;74;56;86
84;118;47;77;75;74;144;88;58;105;78;69;61;78
87;142;60;104;89;87;159;95;63;112;84;88;72;88
71;132;49;93;80;87;144;92;57;102;79;76;71;88
68;142;52;88;85;90;154;95;60;107;75;76;65;95
97;126;51;92;90;80;149;90;57;100;85;57;62;76
66;116;39;76;64;107;137;119;49;78;77;68;56;86
85;129;47;84;72;78;138;89;55;94;84;75;65;92
55;115;50;77;78;75;127;91;60;101;71;66;58;93
71;125;42;84;77;82;142;93;54;84;75;72;56;86
74;156;49;84;85;85;134;90;55;93;73;71;62;114
84;138;52;86;83;83;176;96;58;106;74;70;59;65
87;130;53;96;81;89;168;120;57;133;221;70;63;86
80;123;51;92;82;93;168;91;59;112;71;77;66;82
72;124;51;83;81;84;177;82;55;99;83;71;67;82
74;121;52;99;84;79;149;94;56;96;81;74;75;77
59;105;44;71;77;67;134;88;51;83;77;68;58;68
101;125;56;86;92;76;156;99;60;131;93;67;52;84
79;122;48;83;89;94;146;104;45;104;77;61;62;91
75;118;51;84;80;83;147;94;58;100;68;74;65;79
73;136;56;99;94;96;161;105;65;103;88;85;71;88
74;148;56;101;94;95;160;99;64;112;87;81;69;82
56;129;36;77;71;69;140;80;50;82;61;67;54;78
61;120;47;91;77;83;147;89;54;95;74;75;64;77
77;126;50;88;79;83;145;89;83;86;72;75;64;76
54;111;50;85;77;82;146;94;57;95;71;74;64;80
62;115;50;87;83;85;160;99;61;98;80;79;71;93
56;126;51;89;79;79;140;90;55;98;67;70;62;78
60;131;47;84;78;80;143;84;39;93;72;76;64;79
55;123;49;84;74;73;143;93;54;104;62;71;61;63
65;130;53;99;92;88;164;97;64;111;76;83;67;85
59;129;48;85;74;74;136;94;54;83;70;69;60;74
56;118;37;79;69;102;140;133;52;86;54;75;56;70
58;167;50;82;79;80;141;94;65;75;76;74;65;85
63;119;45;80;82;82;138;88;55;94;74;68;62;88
72;112;46;81;71;76;147;92;53;92;68;75;63;74
65;124;46;85;78;82;139;87;55;95;74;74;64;87
56;123;31;84;76;78;152;100;64;84;74;74;67;68
59;129;48;92;80;79;158;91;54;106;74;75;63;79
56;116;44;82;78;75;142;99;54;103;71;68;58;81
84;130;51;85;80;83;152;90;55;96;81;64;67;82
55;134;57;87;85;82;152;97;58;104;88;75;64;89
55;116;39;81;68;103;146;70;45;80;61;72;60;73
60;124;50;82;78;84;140;93;60;107;84;87;77;89
133;97;42;117;94;74;135;88;62;75;71;69;59;71
67;116;49;86;82;85;150;96;44;95;76;77;66;86
55;117;49;85;80;82;138;88;56;92;75;61;62;78
61;127;60;84;79;86;134;89;53;90;71;67;59;73
63;127;54;88;90;82;146;89;57;107;83;73;61;74
60;128;51;92;76;79;149;91;54;91;69;72;63;91
55;121;49;80;74;88;138;89;58;95;77;73;70;79
77;119;51;75;75;77;147;91;56;96;91;60;62;86
59;128;44;88;75;107;142;79;48;116;64;75;62;89
78;125;51;94;89;88;215;95;58;118;71;63;60;74
75;119;51;84;81;83;161;91;56;98;71;72;61;79
59;125;51;99;79;82;148;94;56;98;82;74;63;77
68;117;48;82;80;85;139;98;56;91;79;73;61;85
54;128;47;84;94;83;136;96;55;92;68;75;61;85
87;129;49;88;85;80;149;96;58;113;74;77;64;82
74;118;48;83;78;78;142;97;55;96;75;75;63;84
83;159;47;76;137;82;136;90;57;103;84;81;65;91
71;122;49;80;81;86;135;90;55;97;71;72;61;87
50;122;46;83;72;105;136;123;48;88;65;72;58;81
59;118;46;85;79;87;131;86;57;112;72;72;63;81
68;148;48;89;80;81;150;91;56;103;71;73;63;83
64;110;44;82;73;77;138;91;52;96;73;62;49;86
60;123;43;76;77;104;165;90;54;91;66;73;58;102
77;130;49;90;80;85;159;94;57;108;77;63;59;83
75;124;49;86;85;89;152;101;56;96;73;72;69;83
69;133;41;79;79;95;149;79;52;91;84;63;57;74
76;126;48;88;80;88;144;99;57;102;73;80;68;94
70;138;52;95;87;93;158;102;60;104;83;80;71;95
77;150;58;95;91;90;161;100;62;109;76;81;69;92
80;124;50;90;82;90;153;105;55;103;74;77;63;92
61;133;42;76;76;59;150;82;48;92;94;63;56;78
80;124;51;85;83;75;157;96;45;95;70;78;65;83
85;117;51;91;81;85;155;97;57;97;71;78;69;68
60;128;54;101;75;98;163;103;77;88;87;81;55;92
60;138;52;91;77;208;152;101;70;87;90;83;73;88
66;116;53;84;78;82;137;90;55;96;78;73;65;84
82;133;55;95;81;82;146;90;55;95;80;75;65;91
68;131;52;88;84;94;152;92;56;103;75;76;64;87
68;141;49;90;124;88;201;92;59;201;71;78;63;92
64;128;49;86;74;81;147;91;53;99;80;70;64;78
72;127;47;83;78;81;137;89;44;101;72;70;64;74
111;116;49;84;78;82;145;97;75;85;70;74;69;70
82;133;48;92;79;83;149;92;55;106;72;79;63;85
62;131;48;82;80;91;148;89;57;95;76;73;63;88
64;128;50;90;88;79;154;94;76;89;72;72;62;77
69;125;47;88;79;83;148;93;53;96;76;71;62;86
57;122;48;85;74;84;144;88;52;99;66;73;58;74
79;121;49;94;78;82;147;93;70;90;81;75;68;94
84;123;49;93;81;83;153;91;54;116;89;63;74;71
58;117;50;86;81;91;151;101;56;113;76;75;63;78
67;134;48;89;83;94;143;93;57;101;74;74;63;82
55;136;49;93;80;79;141;93;56;91;77;78;67;81
67;123;52;89;89;81;147;94;54;105;84;78;66;97
62;124;51;92;79;86;158;100;57;100;74;74;60;78
57;117;48;84;82;86;147;89;54;99;67;73;61;78
78;131;49;85;83;86;152;90;56;107;72;72;62;86
72;129;49;89;75;82;147;94;56;104;78;75;62;80
60;128;50;81;85;80;151;95;55;101;78;85;67;86
68;117;45;85;76;81;146;92;50;105;77;73;63;89
64;115;48;85;75;80;143;88;56;98;83;78;69;83
77;111;49;89;77;82;145;90;54;99;77;72;66;83
77;140;50;83;82;92;153;94;58;103;73;74;66;80
58;117;51;89;76;77;145;244;53;87;80;76;65;89
64;124;48;92;80;88;147;95;54;103;71;71;63;85
56;118;45;88;74;84;145;88;57;94;81;75;62;90
76;128;50;90;82;80;150;93;57;101;78;73;58;86
66;126;48;83;80;272;134;90;53;89;66;71;62;76
70;128;47;89;79;78;145;95;55;92;84;70;62;79
67;129;48;79;75;87;125;90;51;102;71;64;56;70
74;114;49;75;71;74;140;89;53;97;77;78;63;79
70;133;48;90;84;85;150;97;66;100;77;76;66;85
64;136;53;89;91;92;152;90;55;101;71;73;63;80
61;138;49;87;82;86;157;150;58;111;67;73;63;77
66;127;48;86;78;78;143;91;57;95;71;69;70;71
78;126;48;91;79;80;134;91;54;92;64;73;60;76
90;115;46;85;76;85;138;97;55;91;78;75;72;84
68;127;51;94;81;88;152;102;57;103;90;74;63;89
55;118;43;81;85;79;140;96;54;109;65;64;58;84
55;127;46;88;75;92;154;90;55;102;83;75;67;85
63;129;53;87;87;75;159;96;62;103;80;78;66;91
93;110;53;86;88;88;150;96;51;95;77;71;61;84
95;124;49;81;79;76;146;93;57;96;78;70;67;73
65;109;43;74;75;71;128;87;54;106;67;66;57;67
56;116;48;84;81;76;168;81;50;84;72;69;60;75
86;126;52;87;83;88;159;103;56;103;82;75;64;83
80;122;53;86;98;82;146;95;54;103;77;59;60;78
107;116;48;82;83;79;149;95;60;106;78;74;63;63
79;104;47;77;77;75;130;92;55;94;74;58;47;71
72;130;54;92;85;87;153;107;62;119;81;80;68;87
73;138;55;97;91;88;153;97;61;99;87;74;65;86
68;123;52;93;81;84;154;96;58;106;86;77;63;91
87;130;55;91;88;86;148;115;57;103;70;71;63;78
74;168;52;90;83;84;153;105;65;104;83;79;72;88
67;135;48;105;83;83;146;91;57;188;75;78;60;81
59;120;51;89;81;83;145;96;59;93;83;81;67;84
63;116;49;83;78;78;137;94;42;93;71;71;60;77
66;134;49;87;81;77;140;107;57;97;79;76;64;85
65;147;50;87;74;86;149;94;54;93;68;71;65;73
63;126;49;85;76;77;146;95;56;99;79;74;66;88
57;117;45;102;74;72;142;88;54;89;61;70;58;77
54;117;48;78;73;74;132;90;55;89;85;75;64;85
59;118;48;83;75;75;141;89;55;100;82;66;63;80
74;115;46;95;75;168;145;92;54;93;106;73;61;80
140;115;53;88;78;82;150;95;69;90;86;66;68;84
76;123;50;91;81;81;154;98;56;100;78;74;62;72
79;118;53;88;80;85;152;92;53;100;83;73;66;95
68;128;47;84;80;82;146;97;55;97;76;74;64;82
71;138;48;89;86;81;147;93;55;97;72;75;64;82
72;129;50;89;79;86;153;102;64;98;80;74;63;84
71;125;50;93;81;80;148;93;53;98;77;73;62;79
55;119;50;80;70;71;132;155;54;85;74;76;62;76
73;135;52;85;76;80;135;92;53;94;82;81;66;78
86;128;49;102;85;86;180;94;78;100;83;73;62;83
60;125;54;83;100;81;141;90;59;107;78;70;62;82
68;129;53;85;77;87;134;92;55;91;73;79;65;79
49;161;48;90;79;80;142;90;54;92;67;72;61;75
64;118;50;92;78;86;150;92;56;96;78;80;64;78
65;137;55;92;89;84;153;100;61;104;71;71;61;76
78;125;45;77;70;76;142;104;55;120;124;73;60;78
59;123;51;91;84;80;158;95;62;98;78;79;64;85
56;123;49;88;79;76;143;89;53;94;66;68;57;68
58;116;46;89;79;86;148;93;56;111;72;69;62;87
55;114;45;83;75;79;143;87;53;93;67;77;61;77
58;122;49;83;82;82;142;92;56;97;95;62;62;84
69;131;52;95;82;84;149;98;60;99;79;82;69;87
79;142;60;101;85;87;154;100;61;104;87;82;70;93
77;128;48;88;83;87;153;98;58;98;73;78;65;85
69;109;47;75;75;77;145;88;53;96;77;74;64;84
70;129;57;90;98;76;151;93;54;110;80;74;63;83
57;116;49;88;80;77;145;90;55;99;76;84;68;81
55;126;46;76;71;79;140;90;55;101;92;80;70;85
89;142;56;92;82;82;147;95;63;97;76;83;67;89
58;127;48;89;76;80;147;91;54;93;68;74;62;79
72;120;55;90;80;84;138;96;55;100;80;63;62;75
79;106;49;81;82;93;148;98;44;109;67;73;61;108
74;141;53;122;83;80;144;93;54;99;72;67;67;85
66;130;52;92;85;88;147;88;57;84;82;77;70;98
76;136;55;104;89;88;176;105;66;111;77;77;67;92
81;126;55;86;83;84;144;101;56;98;82;74;69;86
102;117;56;92;96;88;159;100;68;106;82;74;75;93
85;126;56;90;86;93;149;97;57;106;82;79;67;78
98;128;46;87;78;94;147;89;56;101;85;64;65;83
72;121;54;86;88;92;156;93;55;99;81;76;67;80
76;124;53;83;79;92;163;82;60;103;90;67;67;87
86;131;59;89;88;85;165;100;67;103;82;85;65;75
107;113;66;85;88;92;154;87;58;97;81;69;73;71
69;137;51;89;81;86;147;93;58;109;75;76;54;74
61;137;39;91;84;89;163;102;69;95;80;79;69;74
74;136;52;96;84;87;155;106;56;114;88;75;63;92
71;120;52;92;77;82;169;96;58;98;84;73;63;82
61;135;52;93;80;106;142;93;52;102;71;75;62;81
56;122;54;89;78;85;162;101;65;120;83;84;71;89
70;115;50;84;77;78;135;93;57;99;70;74;64;74
61;129;50;81;135;77;146;86;55;98;72;70;70;64
59;109;46;81;78;75;135;94;55;101;72;64;65;67
57;124;50;89;82;80;148;91;56;93;66;72;60;63
71;136;51;87;80;82;153;103;59;112;76;77;69;85
65;136;49;88;79;83;147;89;55;91;75;76;63;92
79;119;51;86;78;86;144;95;55;92;75;74;60;78
66;123;52;82;78;77;141;90;56;102;109;74;65;81
54;115;46;76;71;72;128;87;54;103;76;65;59;73
75;136;54;90;86;84;139;89;53;106;78;70;62;68
75;125;51;88;74;76;146;95;54;92;67;76;59;99
56;118;48;81;84;79;141;93;56;92;81;76;66;89
67;118;48;87;74;82;136;92;54;93;77;72;60;76
71;120;48;86;80;80;144;93;58;109;75;72;68;74
61;130;47;85;81;81;137;91;55;92;79;70;61;78
60;120;49;87;74;79;145;92;54;96;65;66;57;79
74;120;53;85;79;86;145;98;55;98;58;65;60;73
59;110;44;80;68;77;128;88;78;97;75;66;57;77
71;194;50;90;78;78;140;94;52;92;75;77;54;84
57;112;45;81;72;72;140;93;53;92;81;72;62;84
75;111;49;90;82;84;148;92;57;97;77;76;63;83
72;129;54;91;80;93;153;100;57;103;76;75;65;92
61;123;47;83;77;77;142;91;52;108;84;73;61;83
63;127;50;89;79;80;155;92;56;97;67;68;58;74
62;111;49;81;82;80;148;92;54;108;84;70;63;81
77;126;53;98;86;83;158;101;61;114;79;80;68;87
61;115;51;77;69;74;153;92;52;96;72;75;69;80
60;114;48;91;81;88;146;93;55;96;71;71;64;83
72;141;48;91;107;86;158;92;55;93;73;75;59;81
52;117;46;85;75;78;142;90;52;91;74;73;63;81
59;117;54;94;79;84;160;92;57;96;75;76;62;81
61;122;48;89;84;94;149;90;57;98;70;71;64;82
65;134;52;90;77;84;146;96;59;110;75;75;65;89
84;114;47;75;75;77;139;92;55;93;77;74;66;83
54;116;46;86;81;83;142;88;55;95;76;72;63;80
62;119;47;84;80;82;143;98;57;92;75;74;63;86
59;126;52;90;81;88;145;98;57;111;80;73;64;83
55;124;46;83;82;92;149;91;57;102;72;73;59;77
63;115;48;84;74;84;165;94;52;89;67;72;61;76
76;133;50;88;82;86;148;109;59;97;74;76;66;88
101;120;51;104;80;82;249;97;57;98;65;74;64;86
83;123;49;87;78;84;154;95;56;98;81;74;63;90
75;126;49;90;79;87;146;99;58;109;70;75;66;88
56;111;47;83;113;79;146;90;56;92;85;73;63;91
79;121;53;89;83;83;163;114;58;103;77;77;63;76
58;119;48;85;87;86;165;87;59;98;69;73;61;78
94;116;51;84;98;85;150;94;55;109;91;61;62;79
83;137;52;86;88;86;145;98;57;114;83;65;64;88
120;136;51;90;94;82;149;96;55;104;80;76;63;89
86;116;58;91;82;76;161;107;57;109;87;70;66;76
70;118;49;95;90;84;154;90;62;103;70;78;71;85
90;116;50;88;74;75;151;95;57;99;73;72;49;75
63;122;51;89;82;92;151;95;59;107;78;82;67;86
59;118;52;95;72;88;156;102;48;101;76;78;65;71
73;137;58;89;87;90;159;103;63;108;74;74;64;87
72;131;51;89;79;81;140;95;56;106;82;77;64;91
66;132;52;96;125;86;151;96;56;107;70;83;67;88
54;133;37;77;82;72;176;76;48;78;60;70;55;77
55;126;50;86;80;83;146;89;56;97;73;66;62;71
66;123;49;91;77;79;146;92;53;96;81;79;52;82
106;128;47;85;79;74;153;88;56;98;71;71;64;81
67;122;49;82;77;79;152;99;42;93;69;71;58;75
56;124;51;87;82;81;151;95;59;98;74;74;62;70
65;127;51;88;83;84;144;101;59;112;70;72;59;95
69;135;50;96;80;85;158;109;45;103;88;83;62;89
64;118;46;88;72;83;156;90;57;99;76;62;65;73
57;125;47;81;74;76;135;91;59;98;64;74;63;83
79;134;47;87;77;81;147;91;56;97;70;74;62;79
77;116;47;83;86;78;140;94;56;104;77;69;59;91
50;127;45;81;70;83;148;91;53;96;74;76;64;84
61;131;49;89;79;82;161;93;58;97;72;75;62;88
77;123;49;88;79;86;144;93;58;95;83;74;68;83
75;114;53;108;75;83;143;87;55;96;65;71;61;81
62;146;45;79;80;74;136;95;54;94;70;66;58;82
50;112;51;103;70;104;144;115;42;121;67;69;53;98
60;123;49;81;79;83;136;90;55;90;67;67;58;74
54;114;51;87;77;76;153;92;57;99;77;79;66;78
69;130;49;87;83;81;148;94;52;95;68;75;59;79
56;117;46;87;76;87;145;96;55;103;69;73;66;80
59;130;52;87;81;86;150;92;55;102;73;77;62;76
70;113;50;82;72;88;156;92;57;95;77;66;66;82
62;114;48;99;77;81;145;90;53;95;82;76;67;82
67;117;50;91;77;83;149;96;53;97;73;75;62;90
54;118;46;76;72;101;133;108;46;70;115;85;80;99
77;115;49;81;77;83;134;90;55;94;70;74;65;76
65;133;51;94;87;83;141;91;57;106;73;74;64;79
67;132;54;91;82;82;152;96;61;102;82;76;66;93
72;129;49;82;79;86;157;99;59;102;79;80;69;88
69;111;46;76;74;75;142;88;53;99;72;70;60;83
65;121;46;93;78;82;247;94;59;96;73;72;64;88
70;132;52;95;91;83;152;90;57;99;81;85;65;77
49;110;41;113;76;103;132;72;73;81;69;64;53;86
69;123;48;85;77;78;148;98;55;90;73;70;62;79
84;117;51;102;78;87;157;104;60;113;107;72;61;92
73;125;53;93;84;92;154;97;63;102;93;71;74;92
67;133;50;86;78;87;155;91;57;103;84;69;61;117
73;121;48;82;77;85;149;94;55;95;78;83;61;74
85;123;54;84;81;90;154;94;57;110;75;73;63;78
87;119;46;80;78;88;140;95;54;93;76;74;62;74
88;125;54;93;81;85;157;99;60;111;75;76;74;83
78;117;50;83;85;145;146;90;54;105;92;75;68;75
79;117;49;93;88;77;183;83;59;100;75;78;70;83
92;121;57;95;84;79;154;95;58;105;81;75;51;81
78;116;48;88;65;74;150;90;56;94;66;74;61;72
